"name","bibref"
"Amund B Larsen","larsen1886oversigt"
"Edward Sapir","sapir_communication_1931"
"George Kingsley Zipf","zipf1935psycho"
"Charles F Hockett","hockett1960Origin"
"Sara Nerlove","Nerlove_Romney_1967"
"A Kimball Romney","Nerlove_Romney_1967"
"Robert B Zajonc","zajonc1968attitudinal"
"Jerry Boucher","boucher1969pollyanna"
"Charles E Osgood","boucher1969pollyanna"
"Jack Goody","goody1970cousin"
"Robert L Trivers","trivers1971evolution"
"Peter Trudgill","trudgill1974linguistic"
"Carl H Frederiksen","frederiksen1975representing"
"Margaret W Green","green1981construction"
"Dedre Gentner","gentner1982nouns"
"Cecil H Brown","Brown1983"
"Gordon DA Brown","brown1984frequency"
"Ivan Kalmár","kalmar1985there"
"Peter E Wheeler","wheeler1985loss"
"Stanley R Witkowski","witkowski1985climate"
"Cecil H Brown","witkowski1985climate"
"Jack Goody","goody1986logic"
"Judith F Kroll","kroll1986lexical"
"Jill S Merves","kroll1986lexical"
"Jeffrey C Marck","Marck1986"
"Gregory R Guy","guy1988"
"Iain Davidson","davidson1989archaeology"
"William Noble","davidson1989archaeology"
"Michelle L Millis","millis1989effect"
"Scoti B Bution","millis1989effect"
"William R Thurston","thurston1989exoteric"
"Jeffrey L Elman","elman90findingStructure"
"Johanna Nichols","Nichols1990"
"William Noble","noble1991evolutionary"
"Iain Davidson","noble1991evolutionary"
"Robin IM Dunbar","Dunbar1992"
"George W Grace","grace_1992_aberrant"
"Revere D Perkins","perkins1992deixis"
"Penelope Brown","brown1993uphill"
"Stephen C Levinson","brown1993uphill"
"Robbins Burling","burling1993primate"
"David F Armstrong","burling1993primate"
"Ben G Blount","burling1993primate"
"Catherine A Callaghan","burling1993primate"
"Mary Lecron Foster","burling1993primate"
"Barbara J King","burling1993primate"
"Sue Taylor Parker","burling1993primate"
"Osamu Sakura","burling1993primate"
"William C Stokoe","burling1993primate"
"Ron Wallace","burling1993primate"
"Joel Wallman","burling1993primate"
"Andrew Whiten","burling1993primate"
"Sherman Wilcox","burling1993primate"
"Thomas Wynn","burling1993primate"
"John B Haviland","haviland1993anchoring"
"D H Ackley","ackley94altruismIn"
"M L Littman","ackley94altruismIn"
"J Batali","batali94innateBiases"
"Soonja Choi","choi1995early"
"Alison Gopnik","choi1995early"
"Mary Hare","hare1995learning"
"Jeffrey L Elman","hare1995learning"
"Chris Knight","knight1995human"
"Camilla Power","knight1995human"
"Ian Watts","knight1995human"
"Ruth Mace","MacePagel1995"
"Mark Pagel","MacePagel1995"
"Daniel Nettle","Nettle1995"
"L A Isbell","Isbell_Young_1996"
"T P Young","Isbell_Young_1996"
"Malcolm D Ross","ross1996contact"
"Robert G Bednarik","bednarik1997origins"
"John Maynard Smith","smith1997major"
"Eörs Szathmáry","smith1997major"
"Penelope Brown","brown1998children"
"Chao C Chen","chen1998can"
"Xiao-Ping Chen","chen1998can"
"James R Meindl","chen1998can"
"Emiko S Kashima","kashima1998culture"
"Yoshihisa Kashima","kashima1998culture"
"Paul A Luce","luce1998recognizing"
"David B Pisoni","luce1998recognizing"
"Daniel Nettle","nettle1998explaining"
"Eric Pederson","pederson1998semantic"
"Eve Danziger","pederson1998semantic"
"David Wilkins","pederson1998semantic"
"Stephen C Levinson","pederson1998semantic"
"Sotaro Kita","pederson1998semantic"
"Gunter Senft","pederson1998semantic"
"Giacomo Rizzolatti","rizzolatti1998language"
"Michael A Arbib","rizzolatti1998language"
"Alison Wray","wray1998protolanguage"
"Jens Allwood","allwood1999semantics"
"Bart de Boer","deboer99selfOrganisation"
"E A Di Paolo","dipaolo99onThe"
"Ray Jackendoff","jackendoff1999possible"
"Daniel Nettle","Nettle1999a"
"Ian Walker","walker1999concrete"
"Charles Hulme","walker1999concrete"
"Peter F MacNeilage","macneilage00onThe"
"Barbara L Davis","macneilage00onThe"
"Catriona M Morrison","morrison2000real"
"Andrew W Ellis","morrison2000real"
"John Maynard Smith","smith2000origins"
"Eörs Szathmáry","smith2000origins"
"Dan Sperber","Sperber2000"
"Angelo Cangelosi","cangelosi01howNouns"
"D Parisi","cangelosi01howNouns"
"Silvia P Gennari","gennari2002motion"
"Steven A Sloman","gennari2002motion"
"Barbara C Malt","gennari2002motion"
"W Tecumseh Fitch","gennari2002motion"
"Stephen C Levinson","levinson2002returning"
"Sotaro Kita","levinson2002returning"
"Daniel BM Haun","levinson2002returning"
"Björn H Rasch","levinson2002returning"
"Peggy Li","li2002turning"
"Lila Gleitman","li2002turning"
"Daniel M Abrams","abrams2003modelling"
"Steven H Strogatz","abrams2003modelling"
"Jin Akaishi","akaishi03misperception"
"Takaya Arita","akaishi03misperception"
"Michael C Corballis","corballis2003hand"
"Jared Diamond","Diamond597"
"Peter Bellwood","Diamond597"
"Nicholas Evans","evans2003context"
"Wouter Kusters","kusters_2003"
"Ben Marwick","marwick2003pleistocene"
"Paul Vogt","vogt03ecal"
"David A Balota","balota2004visual"
"Michael J Cortese","balota2004visual"
"Susan D Sergent-Marshall","balota2004visual"
"Daniel H Spieler","balota2004visual"
"Melvin J Yap","balota2004visual"
"Robin IM Dunbar","dunbar2004gossip"
"Joseph Henrich","henrich2004demography"
"Jinyun Ke","ke04phd"
"Markus Kemmelmeier","kemmelmeier2004language"
"Belinda Yan-Ming Cheng","kemmelmeier2004language"
"Asifa Majid","majid2004can"
"Melissa Bowerman","majid2004can"
"Sotaro Kita","majid2004can"
"Daniel BM Haun","majid2004can"
"Stephen C Levinson","majid2004can"
"Julien Meyer","Meyer2004"
"Eef Ameel","ameel2005bilinguals"
"Gert Storms","ameel2005bilinguals"
"Barbara C Malt","ameel2005bilinguals"
"Steven A Sloman","ameel2005bilinguals"
"Carla L Hudson Kam","hudson2005regularizing"
"Elissa L Newport","hudson2005regularizing"
"Yoosook Lee","lee2005role"
"Travis C Collier","lee2005role"
"Edward P Stabler","lee2005role"
"Charles E Taylor","lee2005role"
"Brian MacWhinney","macwhinney2005language"
"George van Driem","van2005language"
"William S-Y Wang","wang05verticalAndHorizontalTransmission"
"James W Minett","wang05verticalAndHorizontalTransmission"
"Kate Arnold","arnold2006language"
"Klaus Zuberbühler","arnold2006language"
"Luca Dall'Asta","dallasta06languageGamesNetworks"
"Andrea Baronchelli","dallasta06languageGamesNetworks"
"Alain Barrat","dallasta06languageGamesNetworks"
"Vittorio Loreto","dallasta06languageGamesNetworks"
"Luca Dall'Asta","dallasta06microscopicPatterns"
"Andrea Baronchelli","dallasta06microscopicPatterns"
"Stephen A Dewhurst","dewhurst2006dissociating"
"Christopher Barry","dewhurst2006dissociating"
"Zoltán Dörnyei","dornyei2006individual"
"Simon E Fisher","fisher2006eloquent"
"Gary F Marcus","fisher2006eloquent"
"Daniel BM Haun","haun2006cognitive"
"Christian J Rapold","haun2006cognitive"
"Josep Call","haun2006cognitive"
"Gabriele Janzen","haun2006cognitive"
"Stephen C Levinson","haun2006cognitive"
"Victoria Horner","horner2006faithful"
"Andrew Whiten","horner2006faithful"
"Emma Flynn","horner2006faithful"
"Frans BM de Waal","horner2006faithful"
"John L Locke","locke2006language"
"Barry Bogin","locke2006language"
"Daniel Nettle","nettle06costsAndBenefits"
"John R Skoyles","Skoyles_2006"
"Szabolcs Számadó","szamado2006selective"
"Eörs Szathmáry","szamado2006selective"
"Damon Centola","centola2007complex"
"Michael Macy","centola2007complex"
"Damon Centola","centola2007homophily"
"Juan Carlos Gonzalez-Avella","centola2007homophily"
"Victor M Eguiluz","centola2007homophily"
"Maxi San Miguel","centola2007homophily"
"Noam Chomsky","chomsky2007biolinguistic"
"Bernard J Crespi","crespi2007sly"
"Dan Dediu","dediu2007linguistic"
"D Robert Ladd","dediu2007linguistic"
"Carol R Ember","ember2007climate"
"Melvin Ember","ember2007climate"
"Jennifer Hay","hay2007phoneme"
"Laurie Bauer","hay2007phoneme"
"Keith Hunley","hunley07geneticCoevolution"
"G S Cabana","hunley07geneticCoevolution"
"D A Merriwether","hunley07geneticCoevolution"
"J C Long","hunley07geneticCoevolution"
"Erez Lieberman","lieberman2007quantifying"
"Jean-Baptiste Michel","lieberman2007quantifying"
"Joe Jackson","lieberman2007quantifying"
"Tina Tang","lieberman2007quantifying"
"Martin A Nowak","lieberman2007quantifying"
"Kazuo Okanoya","okanoya2007language"
"Mark Pagel","Pageletal2007"
"Quentin D Atkinson","Pageletal2007"
"Andrew Meade","Pageletal2007"
"Jamie Reilly","reilly2007formal"
"Jacob Kean","reilly2007formal"
"Reinhard Selten","selten07languageEmergencePNAS"
"Massimo Warglien","selten07languageEmergencePNAS"
"Paul Vogt","vogt07ECAL"
"Alison Wray","wraygrace2007"
"George W Grace","wraygrace2007"
"Michael A Arbib","Arbib2008PrimateVG"
"Katja Liebal","Arbib2008PrimateVG"
"Simone Pika","Arbib2008PrimateVG"
"Mark Aronoff","aronoff2008language"
"Irit Meir","aronoff2008language"
"Carol Padden","aronoff2008language"
"Wendy Sandler","aronoff2008language"
"Quentin D Atkinson","atkinson2008languages"
"Andrew Meade","atkinson2008languages"
"Chris Venditti","atkinson2008languages"
"Simon J Greenhill","atkinson2008languages"
"Mark Pagel","atkinson2008languages"
"Morten H Christiansen","christiansen2008language"
"Nick Chater","christiansen2008language"
"Kenny R Coventry","coventry2008language"
"Berenice Valdés","coventry2008language"
"Alejandro Castillo","coventry2008language"
"Pedro Guijarro-Fuentes","coventry2008language"
"Clifford Crawford","crawford08"
"Antje Dammel","dammel2008complexity"
"Sebastian Kürschner","dammel2008complexity"
"R M W Dixon","dixon08comparative"
"Corey L Fincher","fincher2008parasite"
"Randy Thornhill","fincher2008parasite"
"Stavroula-Thaleia Kousta","kousta2008investigating"
"David P Vinson","kousta2008investigating"
"Gabriella Vigliocco","kousta2008investigating"
"Wouter Kusters","kusters2008"
"James W Minett","minett04endangeredLanguage"
"William S-Y Wang","minett04endangeredLanguage"
"A Senju","SenjuCsibra2008"
"Gergely Csibra","SenjuCsibra2008"
"Guido Tabellini","tabellini2008institutions"
"Monica Tamariz","tamariz2008exploring"
"George van Driem","van2008origin"
"Sudipta Basu","basu2009memory"
"Marcus Kirk","basu2009memory"
"Greg Waymire","basu2009memory"
"Jennie Björk","bjork2009good"
"Mats Magnusson","bjork2009good"
"Gergely Csibra","CsibraGergely2009"
"György Gergely","CsibraGergely2009"
"T E Currie","curriemace2009"
"Ruth Mace","curriemace2009"
"R M W Dixon","dixon09intro"
"Nicholas Evans","evans2009myth"
"Stephen C Levinson","evans2009myth"
"Simon E Fisher","fisher2009foxp2"
"Constance Scharff","fisher2009foxp2"
"Sharon Goldwater","goldwater2009bayesian"
"Thomas L Griffiths","goldwater2009bayesian"
"Mark Johnson","goldwater2009bayesian"
"Daniel BM Haun","haun2009variation"
"Christian J Rapold","haun2009variation"
"Bruce Hayes","hayes2009natural"
"Péter Siptár","hayes2009natural"
"Kie Zuraw","hayes2009natural"
"Zsuzsa Londe","hayes2009natural"
"Carla L Hudson Kam","hudson2009getting"
"Elissa L Newport","hudson2009getting"
"Anne Kandler","kandler2009investigation"
"Kevin N Laland","kandler2009investigation"
"Robert L Munroe","Munroeetal2009"
"John G Fought","Munroeetal2009"
"Ronald K S Macaulay","Munroeetal2009"
"Efrén O Pérez","perez2009lost"
"Florencia Reali","reali2009evolution"
"Thomas L Griffiths","reali2009evolution"
"Sara C Sereno","sereno2009size"
"Patrick J O'Donnell","sereno2009size"
"Margaret E Sereno","sereno2009size"
"Kaius Sinnemäki","sinnemaki_2009"
"Benedikt Szmrecsanyi","szmrecsanyi2009between"
"Bernd Kortmann","szmrecsanyi2009between"
"Søren Wichmann","wichmann_holman_2009"
"Eric W Holman","wichmann_holman_2009"
"Claire Bowern","bowern2010correlates"
"Vincenza Colonna","colonna2010long"
"Alessio Boattini","colonna2010long"
"Cristina Guardiano","colonna2010long"
"Irene Dall’Ara","colonna2010long"
"Davide Pettener","colonna2010long"
"Giuseppe Longobardi","colonna2010long"
"Guido Barbujani","colonna2010long"
"Gergely Csibra","csibra2010recognizing"
"Zsuzsanna Fagyal","fagyal2010centers"
"Samarth Swarup","fagyal2010centers"
"Anna M Escobar","fagyal2010centers"
"Les Gasser","fagyal2010centers"
"Kiran Lakkaraju","fagyal2010centers"
"W Tecumseh Fitch","fitch2010social"
"Ludwig Huber","fitch2010social"
"Thomas Bugnyar","fitch2010social"
"Bruno Galantucci","galantucci2010effects"
"Christian Kroos","galantucci2010effects"
"Theo Rhodes","galantucci2010effects"
"Michelle A Kline","kline2010population"
"Robert Boyd","kline2010population"
"Gary Lupyan","lupyan2010language"
"Rick Dale","lupyan2010language"
"Peter J Richerson","richerson2010possibly"
"Robert Boyd","richerson2010possibly"
"Gareth Roberts","roberts2010experimental"
"Denise Schmandt-Besserat","schmandt2010writing"
"Kaius Sinnemäki","sinnemaki2010word"
"Brian Skyrms","skyrms2010signals"
"Kenny Smith","smith2010eliminating"
"Elizabeth Wonnacott","smith2010eliminating"
"Monica Tamariz","tamarizBrownMurray2010literacy"
"J Erin Brown","tamarizBrownMurray2010literacy"
"Keelin M Murray","tamarizBrownMurray2010literacy"
"Quentin D Atkinson","atkinson2011phonemic"
"Aleksandrs Berdicevskis","berdicevskis2011email"
"Robert C Berwick","berwick2011songs"
"Kazuo Okanoya","berwick2011songs"
"Gabriel JL Beckers","berwick2011songs"
"Johan J Bolhuis","berwick2011songs"
"Claire Bowern","bowern2011does"
"Patience Epps","bowern2011does"
"Russell D Gray","bowern2011does"
"Jane Hill","bowern2011does"
"Keith Hunley","bowern2011does"
"Patrick McConvell","bowern2011does"
"Jason Zentz","bowern2011does"
"Andreea S Calude","Calude2011"
"Mark Pagel","Calude2011"
"Daniel BM Haun","haun2011plasticity"
"Christian J Rapold","haun2011plasticity"
"Gabriele Janzen","haun2011plasticity"
"Stephen C Levinson","haun2011plasticity"
"Hannah Little","little2011role"
"Steven T Piantadosi","piantadosi2011word"
"Harry Tily","piantadosi2011word"
"Edward Gibson","piantadosi2011word"
"Tom Rzeszutek","rzeszutek2011structure"
"Patrick E Savage","rzeszutek2011structure"
"Steven Brown","rzeszutek2011structure"
"Wendy Sandler","sandler2011gradual"
"Mark Aronoff","sandler2011gradual"
"Irit Meir","sandler2011gradual"
"Carol Padden","sandler2011gradual"
"Peter Trudgill","trudgill2011social"
"Peter Trudgill","trudgill2011sociolinguistic"
"Søren Wichmann","wichmann2011phonological"
"Taraka Rama","wichmann2011phonological"
"Eric W Holman","wichmann2011phonological"
"Andrea Baronchelli","baronchelli_biological_2012"
"Nick Chater","baronchelli_biological_2012"
"Romualdo Pastor-Satorras","baronchelli_biological_2012"
"Morten H Christiansen","baronchelli_biological_2012"
"Leon Bergen","bergen2012s"
"Noah Goodman","bergen2012s"
"Roger Levy","bergen2012s"
"Ryan Carroll","carroll2012quantifying"
"Ragnar Svare","carroll2012quantifying"
"Joseph C Salmons","carroll2012quantifying"
"Jennifer Culbertson","culbertson2012learning"
"Paul Smolensky","culbertson2012learning"
"Géraldine Legendre","culbertson2012learning"
"Evelina Fedorenko","fedorenko2012language"
"John Duncan","fedorenko2012language"
"Nancy Kanwisher","fedorenko2012language"
"David Garcia","garcia2012positive"
"Antonios Garas","garcia2012positive"
"Frank Schweitzer","garcia2012positive"
"Michael C Gavin","Gavin2012"
"Nokuthaba Sibanda","Gavin2012"
"Tao Gong","gong2012studying"
"Lan Shuai","gong2012studying"
"Monica Tamariz","gong2012studying"
"Gerhard Jäger","gong2012studying"
"Larry J Gorenflo","gorenflo2012co"
"Suzanne Romaine","gorenflo2012co"
"Russell A Mittermeier","gorenflo2012co"
"Kristen Walker-Painemilla","gorenflo2012co"
"Charles Kemp","kemp2012kinship"
"Terry Regier","kemp2012kinship"
"Victor Kuperman","kuperman2012age"
"Hans Stadthagen-Gonzalez","kuperman2012age"
"Marc Brysbaert","kuperman2012age"
"Claude Lévi-Strauss","levi2012tristes"
"Daniel Nettle","nettle2012social"
"Steven T Piantadosi","piantadosi2012communicative"
"Harry Tily","piantadosi2012communicative"
"Edward Gibson","piantadosi2012communicative"
"Gareth Roberts","roberts2012emergence"
"Bruno Galantucci","roberts2012emergence"
"Kim Sterelny","sterelny2012language"
"Michael Tomasello","tomasello2012two"
"Alicia P Melis","tomasello2012two"
"Claudio Tennie","tomasello2012two"
"Emily Wyman","tomasello2012two"
"Esther Herrmann","tomasello2012two"
"Ian C Gilby","tomasello2012two"
"Kristen Hawkes","tomasello2012two"
"Kim Sterelny","tomasello2012two"
"Emily Wyman","tomasello2012two"
"Michael Tomasello","tomasello2012two"
"Andrew Whiten","whiten2012human"
"David Erdal","whiten2012human"
"Christian Bentz","bentz2013languages"
"Bodo Winter","bentz2013languages"
"M Keith Chen","chen2013effect"
"Caleb Everett","Everett2013"
"Vanessa Ferdinand","ferdinand2013regularization"
"Bill Thompson","ferdinand2013regularization"
"Simon Kirby","ferdinand2013regularization"
"Kenny Smith","ferdinand2013regularization"
"Michael C Gavin","gavin2013toward"
"Carlos A Botero","gavin2013toward"
"Claire Bowern","gavin2013toward"
"Robert K Colwell","gavin2013toward"
"Michael Dunn","gavin2013toward"
"Robert R Dunn","gavin2013toward"
"Russell D Gray","gavin2013toward"
"Kathryn R Kirby","gavin2013toward"
"Joe McCarter","gavin2013toward"
"Adam Powell","gavin2013toward"
"Thiago F Rangel","gavin2013toward"
"John R Stepp","gavin2013toward"
"Michelle Trautwein","gavin2013toward"
"Jennifer L Verdolin","gavin2013toward"
"Gregor Yanega","gavin2013toward"
"Adrien Meguerditchian","meguerditchian2013origins"
"Jacques Vauclair","meguerditchian2013origins"
"William D Hopkins","meguerditchian2013origins"
"Shigeru Miyagawa","miyagawa2013emergence"
"Robert C Berwick","miyagawa2013emergence"
"Kazuo Okanoya","miyagawa2013emergence"
"Manuel Mueller-Frank","mueller2013general"
"Daniel A Mullins","mullins2013role"
"Harvey Whitehouse","mullins2013role"
"Quentin D Atkinson","mullins2013role"
"Mark Pagel","pagel2013ultraconserved"
"Quentin D Atkinson","pagel2013ultraconserved"
"Andreea S Calude","pagel2013ultraconserved"
"Andrew Meade","pagel2013ultraconserved"
"James N Stanford","stanford_pan_2013"
"Yanhong Pan","stanford_pan_2013"
"Terrence Twomey","twomey2013cognitive"
"Amy Beth Warriner","warriner2013norms"
"Victor Kuperman","warriner2013norms"
"Marc Brysbaert","warriner2013norms"
"Bo Yao","yao2013semantic"
"Milica Vasiljevic","yao2013semantic"
"Mario Weick","yao2013semantic"
"Margaret E Sereno","yao2013semantic"
"Patrick J O'Donnell","yao2013semantic"
"Sara C Sereno","yao2013semantic"
"Tatsuya Amano","amano2014global"
"Brody Sandel","amano2014global"
"Heidi Eager","amano2014global"
"Edouard Bulteau","amano2014global"
"Jens-Christian Svenning","amano2014global"
"Bo Dalsgaard","amano2014global"
"Carsten Rahbek","amano2014global"
"Richard G Davies","amano2014global"
"William J Sutherland","amano2014global"
"Jacob Bock Axelsen","axelsen2014river"
"Susanna Manrubia","axelsen2014river"
"Raffaela Baechler","baechler2014diachronic"
"Ellen Bialystok","bialystok2014language"
"Gregory J Poarch","bialystok2014language"
"Claire Bowern","bowern2014loan"
"Hannah J Haynie","bowern2014loan"
"Catherine Sheard","bowern2014loan"
"Barry Alpher","bowern2014loan"
"Patience Epps","bowern2014loan"
"Jane Hill","bowern2014loan"
"Patrick McConvell","bowern2014loan"
"Steven Brown","brown2014correlations"
"Patrick E Savage","brown2014correlations"
"Albert Min-Shan Ko","brown2014correlations"
"Mark Stoneking","brown2014correlations"
"Ying-Chin Ko","brown2014correlations"
"Jun-Hun Loo","brown2014correlations"
"Jean A Trejaut","brown2014correlations"
"Scott DeLancey","delancey_2014"
"Robin IM Dunbar","dunbar2014conversations"
"Robin IM Dunbar","dunbar2014fireside"
"John AJ Gowlett","dunbar2014fireside"
"Nicolas Fay","fay2014creating"
"Casey J Lister","fay2014creating"
"T Mark Ellison","fay2014creating"
"Susan Goldin-Meadow","fay2014creating"
"Michael C Gavin","GavinStepp2014"
"John Richard Stepp","GavinStepp2014"
"Ewa Kacewicz","Kacewiczetal2014"
"James W Pennebaker","Kacewiczetal2014"
"Matthew Davis","Kacewiczetal2014"
"Moongee Jeon","Kacewiczetal2014"
"Arthur C Graesser","Kacewiczetal2014"
"Yoshihisa Kashima","kashima2014language"
"Emiko S Kashima","kashima2014language"
"Evan Kidd","kashima2014language"
"Victor Kuperman","kuperman2014emotion"
"Zachary Estes","kuperman2014emotion"
"Marc Brysbaert","kuperman2014emotion"
"Amy Beth Warriner","kuperman2014emotion"
"Francesca R Sborgi Lawson","lawson2014music"
"Sean Lee","lee2014oceanic"
"T Hasegawa","lee2014oceanic"
"Péter Maitz","maitz_2014"
"Attila Németh","maitz_2014"
"Glen McBride","mcbride2014storytelling"
"Florencia Reali","reali2014paradox"
"Nick Chater","reali2014paradox"
"Morten H Christiansen","reali2014paradox"
"Kaius Sinnemäki","sinnemaki_2014d"
"Kaius Sinnemäki","sinnemaki2014complexity"
"Kim Sterelny","sterelny2014paleolithic"
"Monica Tamariz","tamariz2014cultural"
"T Mark Ellison","tamariz2014cultural"
"Dale J Barr","tamariz2014cultural"
"Nicolas Fay","tamariz2014cultural"
"James Geoffrey Thomas","thomas2014self"
"Samuel T Turvey","TurveyPettorelli2014"
"Nathalie Pettorelli","TurveyPettorelli2014"
"Tessa Verhoef","verhoef2014emergence"
"Simon Kirby","verhoef2014emergence"
"Bart de Boer","verhoef2014emergence"
"Polly W Wiessner","wiessner2014embers"
"Mark Atkinson","atkinson2015speaker"
"Simon Kirby","atkinson2015speaker"
"Kenny Smith","atkinson2015speaker"
"Christian Bentz","Bentz2015"
"Annemarie Verkerk","Bentz2015"
"Douwe Kiela","Bentz2015"
"Felix Hill","Bentz2015"
"Paula Buttery","Bentz2015"
"Claire Bowern","bowern2015linguistics"
"Lindell Bromham","bromham2015rate"
"Xia Hua","bromham2015rate"
"Thomas G Fitzpatrick","bromham2015rate"
"Simon J Greenhill","bromham2015rate"
"Marcel Cardillo","Cardillo2015"
"Lindell Bromham","Cardillo2015"
"Simon J Greenhill","Cardillo2015"
"Scott DeLancey","delancey15complexity"
"Caleb Everett","Everett2015"
"Damián E Blasi","Everett2015"
"Seán G Roberts","Everett2015"
"Richard Futrell","futrell2015quantifying"
"Kyle Mahowald","futrell2015quantifying"
"Edward Gibson","futrell2015quantifying"
"Jeff Good","Good2015"
"Simon Kirby","kirby2015compression"
"Monica Tamariz","kirby2015compression"
"Hannah Cornish","kirby2015compression"
"Kenny Smith","kirby2015compression"
"Asifa Majid","majid2015semantic"
"Fiona M Jordan","majid2015semantic"
"Michael Dunn","majid2015semantic"
"Lori Marino","marino2015brain"
"Thomas JH Morgan","morgan2015experimental"
"Natalie T Uomini","morgan2015experimental"
"Luke E Rendell","morgan2015experimental"
"Laura Chouinard-Thuly","morgan2015experimental"
"Sally E Street","morgan2015experimental"
"Hannah M Lewis","morgan2015experimental"
"Catherine P Cross","morgan2015experimental"
"Cara Evans","morgan2015experimental"
"R Kearney","morgan2015experimental"
"I De la Torre","morgan2015experimental"
"Andrew Whiten","morgan2015experimental"
"Kevin N Laland","morgan2015experimental"
"Kazuo Okanoya","okanoya2015evolution"
"Bill Palmer","palmer2015topography"
"Gareth Roberts","roberts2015communication"
"Jirka Lewandowski","roberts2015communication"
"Bruno Galantucci","roberts2015communication"
"Seán G Roberts","roberts2015future"
"James Winters","roberts2015future"
"M Keith Chen","roberts2015future"
"Monica Tamariz","tamariz2015culture"
"Simon Kirby","tamariz2015culture"
"Caela F Welsh","welsh2015relationship"
"Matthew Whelpton","whelpton2015semantics"
"Þórhalla Guðmundsdóttir Beck","whelpton2015semantics"
"Fiona M Jordan","whelpton2015semantics"
"Bernd Würsig","wursig2015dolphin"
"Heidi C Pearson","wursig2015dolphin"
"Antonio Benítez-Burraco","benitez2016language"
"Wanda Lattanzi","benitez2016language"
"Elliot Murphy","benitez2016language"
"Christian Bentz","bentz2016learning"
"Aleksandrs Berdicevskis","bentz2016learning"
"Andreea S Calude","calude2016typology"
"Annemarie Verkerk","calude2016typology"
"Maryia Fedzechkina","evolang11_101"
"Becky Chu","evolang11_101"
"T Florian Jaeger","evolang11_101"
"John Trueswell","evolang11_101"
"Eva Zehentner","evolang11_110"
"Andreas Baumann","evolang11_110"
"Nikolaus Ritt","evolang11_110"
"Christina Prömer","evolang11_110"
"Anu Vastenius","evolang11_116"
"Jordan Zlatev","evolang11_116"
"Joost Van de Weijer","evolang11_116"
"Christine Cuskley","evolang11_119"
"Vittorio Loreto","evolang11_119"
"Federica Cavicchio","evolang11_132"
"Livnat Leemor","evolang11_132"
"Simone Shamay-Tsoory","evolang11_132"
"Wendy Sandler","evolang11_132"
"Christine Cuskley","evolang11_133"
"Bernardo Monechi","evolang11_133"
"Pietro Gravino","evolang11_133"
"Vittorio Loreto","evolang11_133"
"Rie Asano","evolang11_146"
"Lluis Barcelo-Coblijn","evolang11_148"
"David Ardell","evolang11_165"
"Noelle Anderson","evolang11_165"
"Bodo Winter","evolang11_165"
"Megan Broadway","evolang11_166"
"Jamie Klaus","evolang11_166"
"Billie Serafin","evolang11_166"
"Heidi Lyn","evolang11_166"
"Richard A Blythe","evolang11_19"
"Alistair H Jones","evolang11_19"
"Jessica Renton","evolang11_19"
"Rie Asano","evolang11_200"
"Edward Ruoyang Shi","evolang11_200"
"Greg Bryant","evolang11_203"
"Cory Cuthbertson","evolang11_26"
"Ekaterina Abramova","evolang11_37"
"Jennifer Culbertson","evolang11_39"
"Simon Kirby","evolang11_39"
"Marieke Schouwstra","evolang11_39"
"Cedric Boeckx","evolang11_41"
"Constantina Theofanopoulou","evolang11_41"
"Antonio Benítez-Burraco","evolang11_41"
"Mark Atkinson","evolang11_48"
"Kenny Smith","evolang11_48"
"Simon Kirby","evolang11_48"
"Dan Dediu","evolang11_57"
"Scott R Moisik","evolang11_57"
"Jon W Carr","evolang11_74"
"Kenny Smith","evolang11_74"
"Hannah Cornish","evolang11_74"
"Simon Kirby","evolang11_74"
"Ted Bayne","evolang11_78"
"Alfredo Ardila","evolang11_8"
"Aleksandrs Berdicevskis","evolang11_85"
"Hanne Eckhoff","evolang11_85"
"Christian Bentz","evolang11_93"
"Dedre Gentner","gentner2016language"
"William L Hamilton","hamilton2016diachronic"
"Jure Leskovec","hamilton2016diachronic"
"Dan Jurafsky","hamilton2016diachronic"
"Sayuri Hayakawa","hayakawa2016using"
"Albert Costa","hayakawa2016using"
"Alice Foucart","hayakawa2016using"
"Boaz Keysar","hayakawa2016using"
"Molly L Lewis","lewis2016length"
"Michael C Frank","lewis2016length"
"Michael Muthukrishna","muthukrishna2016innovation"
"Joseph Henrich","muthukrishna2016innovation"
"Johanna Nichols","nichols2016"
"L Perry","perry2016early"
"MARCUS PERLMAN","perry2016early"
"GARY LUPYAN","perry2016early"
"BODO WINTER","perry2016early"
"D Massaro","perry2016early"
"Terry Regier","regier2016languages"
"Alexandra Carstensen","regier2016languages"
"Charles Kemp","regier2016languages"
"Shane L Rogers","rogers2016stick"
"Nicolas Fay","rogers2016stick"
"Matthew Spike","spike2016minimal"
"Kenny Smith","spike2016minimal"
"Simon Kirby","spike2016minimal"
"Kim Sterelny","sterelny2016cumulative"
"Monica Tamariz","tamariz2016cultural"
"Simon Kirby","tamariz2016cultural"
"Tessa Verhoef","verhoef2016iconicity"
"Simon Kirby","verhoef2016iconicity"
"Bart de Boer","verhoef2016iconicity"
"Antonio Benitez-Burraco","benitez2017schizophrenia"
"Lorena Di Pietro","benitez2017schizophrenia"
"Marta Barba","benitez2017schizophrenia"
"Wanda Lattanzi","benitez2017schizophrenia"
"Christian Bentz","Bentz2017"
"Dimitrios Alikaniotis","Bentz2017"
"Michael Cysouw","Bentz2017"
"Ramon Ferrer-i-Cancho","Bentz2017"
"Damián E Blasi","Blasi_Moran_SLE_2017"
"Steven Moran","Blasi_Moran_SLE_2017"
"Ani Margvelashvili","Blasi_Moran_SLE_2017"
"Dan Dediu","Blasi_Moran_SLE_2017"
"Scott R Moisik","Blasi_Moran_SLE_2017"
"Nicole Creanza","creanza2017greater"
"Oren Kolodny","creanza2017greater"
"Marcus W Feldman","creanza2017greater"
"Bernard J Crespi","crespi2017segregating"
"Silven Read","crespi2017segregating"
"Peter Hurd","crespi2017segregating"
"Bart de Boer","de2017evolution"
"Robin IM Dunbar","dunbar2017group"
"T Mark Ellison","ellison2017language"
"Luisa Miceli","ellison2017language"
"Nicholas Evans","evans2017did"
"Caleb Everett","Everett2017"
"Koji Fujita","fujita2017parallel"
"Ellen C Garland","garland2017song"
"Luke E Rendell","garland2017song"
"Luca Lamoni","garland2017song"
"M Michael Poole","garland2017song"
"Michael J Noad","garland2017song"
"Romain Garnier","garnier17milk"
"Laurent Sagart","garnier17milk"
"Benoît Sagot","garnier17milk"
"Adam Kendon","kendon2017reflections"
"Anton Killin","killin2017did"
"Chris Knight","knight2017wild"
"JD Lewis","knight2017wild"
"Kevin N Laland","laland2017origins"
"King King Li","li2017does"
"Hannah Little","little2017conventionalisation"
"Kerem Eryılmaz","little2017conventionalisation"
"Bart de Boer","little2017conventionalisation"
"Hannah Little","little2017signal"
"Kerem Eryılmaz","little2017signal"
"Bart de Boer","little2017signal"
"A Müller","Mulleretal2017"
"R Weymuth","Mulleretal2017"
"Arto Mustajoki","mustajoki_2017"
"Marieke Olthof","olthof2017transparency"
"Bill Palmer","palmer2017does"
"Jonathon Lum","palmer2017does"
"Jonathan Schlossberg","palmer2017does"
"Alice Gaby","palmer2017does"
"Efrén O Pérez","perez2017language"
"Margit Tavits","perez2017language"
"Ronald J Planer","planer2017protolanguage"
"Ronald J Planer","planer2017talking"
"Kim Shaw-Williams","shaw2017social"
"Alexandra Simonenko","simonenko2017taraldsen"
"Benoıt Crabbé","simonenko2017taraldsen"
"Sophie Prévost","simonenko2017taraldsen"
"Christina Skelton","skelton_2017"
"Matthew Spike","spike2017minimal"
"Kevin Stadler","spike2017minimal"
"Simon Kirby","spike2017minimal"
"Kenny Smith","spike2017minimal"
"Ian Tattersall","tattersall2017material"
"Peeter Tinits","tinits2017usage"
"Jonas Nölle","tinits2017usage"
"Stefan Hartmann","tinits2017usage"
"Peter Trudgill","trudgill_2017"
"Monika Abels","abels2018speech"
"Paul Vogt","abels2018speech"
"Mark Atkinson","atkinson2018social"
"Gregory J Mills","atkinson2018social"
"Kenny Smith","atkinson2018social"
"Mark Atkinson","atkinsonetal2018"
"Kenny Smith","atkinsonetal2018"
"Simon Kirby","atkinsonetal2018"
"Raffaela Baechler","baechler2018absolute"
"Andreas Baumann","baumann2018linguistic"
"Antonio Benítez-Burraco","benitez2018emergence"
"Vera Kempe","benitez2018emergence"
"Christian Bentz","Bentz2018"
"Dan Dediu","Bentz2018"
"Annemarie Verkerk","Bentz2018"
"Gerhard Jäger","Bentz2018"
"Lindell Bromham","Bromham2018Parasites"
"Xia Hua","Bromham2018Parasites"
"Marcel Cardillo","Bromham2018Parasites"
"Hilde Schneemann","Bromham2018Parasites"
"Simon J Greenhill","Bromham2018Parasites"
"Andrew Butcher","butcher2019"
"Karen L Campbell","campbell2018language"
"Lorraine K Tyler","campbell2018language"
"Dan Dediu","dediu2018neanderthal"
"Stephen C Levinson","dediu2018neanderthal"
"Mellissa MC DeMille","demille2018worldwide"
"Kevin Tang","demille2018worldwide"
"Chintan M Mehta","demille2018worldwide"
"Christopher Geissler","demille2018worldwide"
"Jeffrey G Malins","demille2018worldwide"
"Natalie R Powers","demille2018worldwide"
"Beatrice M Bowen","demille2018worldwide"
"Andrew K Adams","demille2018worldwide"
"Dongnhu T Truong","demille2018worldwide"
"Jan C Frijters","demille2018worldwide"
"Jeffrey R Gruen","demille2018worldwide"
"Didier Demolin","demolin2018acoustic"
"Maxime Derex","derex2018divide"
"Charles Perreault","derex2018divide"
"Robert Boyd","derex2018divide"
"Curdin Derungs","derungs2018environmental"
"Martina Köhl","derungs2018environmental"
"Robert Weibel","derungs2018environmental"
"Balthasar Bickel","derungs2018environmental"
"Alexandre Celma-Miralles","evolang12CelmaMiralles"
"Juan M Toro","evolang12CelmaMiralles"
"Tania Delgado","evolang12Delago"
"Andrea Ravignani","evolang12Delago"
"Tessa Verhoef","evolang12Delago"
"Bill Thompson","evolang12Delago"
"Thomas Grossi","evolang12Delago"
"Simon Kirby","evolang12Delago"
"Andrew Feeney","evolang12Feeney"
"Marco Gamba","evolang12Gamba"
"Valeria Torti","evolang12Gamba"
"Daria Valente","evolang12Gamba"
"Chiara De Gregorio","evolang12Gamba"
"Olivier Friard","evolang12Gamba"
"Cristina Giacoma","evolang12Gamba"
"Reiko Mazuka","evolang12mazuka"
"Tadahisa Kondo","evolang12mazuka"
"Akiko Hayashi","evolang12mazuka"
"Jonas Nölle","evolang12NolleEnvironmental"
"Marlene Staib","evolang12NolleEnvironmental"
"Riccardo Fusaroli","evolang12NolleEnvironmental"
"Kristian Tylén","evolang12NolleEnvironmental"
"Kazuo Okanoya","evolang12okanoyaparasite"
"Limor Raviv","evolang12Raviv"
"Antje Meyer","evolang12Raviv"
"Shiri Lev-Ari","evolang12Raviv"
"Horst Feldmann","feldmann2018linguistic"
"W Tecumseh Fitch","fitch2018animals"
"Michael C Gavin","gavin2018global"
"Patrick H Kavanagh","gavin2018global"
"Hannah J Haynie","gavin2018global"
"Claire Bowern","gavin2018global"
"Carol R Ember","gavin2018global"
"Russell D Gray","gavin2018global"
"Fiona M Jordan","gavin2018global"
"Kathryn R Kirby","gavin2018global"
"Geoff Kushnick","gavin2018global"
"Bobbi S Low","gavin2018global"
"Bruno Vilela","gavin2018global"
"Carlos A Botero","gavin2018global"
"Asif A Ghazanfar","ghazanfar2018constraints"
"Diana A Liao","ghazanfar2018constraints"
"Gustaf Gredebäck","Gredebacketal2018"
"Kim Astor","Gredebacketal2018"
"Christine Fawcett","Gredebacketal2018"
"Simon J Greenhill","Greenhill2018"
"Xia Hua","Greenhill2018"
"Caela F Welsh","Greenhill2018"
"Hilde Schneemann","Greenhill2018"
"Lindell Bromham","Greenhill2018"
"Michael Griesser","griesser2018bird"
"David Wheatcroft","griesser2018bird"
"Toshitaka N Suzuki","griesser2018bird"
"Terhi Honkola","honkola18"
"Kalle Ruokolainen","honkola18"
"Kaj J J Syrjänen","honkola18"
"Unni-Päivä Leino","honkola18"
"Ilpo Tammi","honkola18"
"Niklas Wahlberg","honkola18"
"Outi Vesakoski","honkola18"
"James R Hurford","hurford2018mutation"
"Pamela Jakiela","jakiela_ozier_2018"
"Owen Ozier","jakiela_ozier_2018"
"Yukiko Kikuchi","kikuchi2018evolutionarily"
"William Sedley","kikuchi2018evolutionarily"
"Timothy D Griffiths","kikuchi2018evolutionarily"
"Christopher I Petkov","kikuchi2018evolutionarily"
"Chris Knight","knight2018trust"
"Martin Kuhlwilm","kuhlwilm2018evolution"
"Matz Larsson","larsson2018capacity"
"Benjamin W Abbott","larsson2018capacity"
"Shiri Lev-Ari","lev2018unforeseen"
"Emily Ho","lev2018unforeseen"
"Boaz Keysar","lev2018unforeseen"
"Peggy Li","li2018competing"
"Linda Abarbanell","li2018competing"
"Asifa Majid","majid2018differential"
"Seán G Roberts","majid2018differential"
"Ludy Cilissen","majid2018differential"
"Karen Emmorey","majid2018differential"
"Brenda Nicodemus","majid2018differential"
"Lucinda O’grady","majid2018differential"
"Bencie Woll","majid2018differential"
"Barbara LeLan","majid2018differential"
"Hilário De Sousa","majid2018differential"
"Brian L Cansler","majid2018differential"
"Shakila Shayani","majid2018differential"
"Connie de Vos","majid2018differential"
"Gunter Senft","majid2018differential"
"Nick J Enfield","majid2018differential"
"Rogayah A Razak","majid2018differential"
"Sebastian Fedden","majid2018differential"
"Sylvia Tufvesson","majid2018differential"
"Mark Dingemanse","majid2018differential"
"Ozge Ozturk","majid2018differential"
"Penelope Brown","majid2018differential"
"Clair Hill","majid2018differential"
"Olivier Le Guen","majid2018differential"
"Vincent Hirtzel","majid2018differential"
"Rik van Gijn","majid2018differential"
"Mark A Sicoli","majid2018differential"
"Stephen C Levinson","majid2018differential"
"Rogier B Mars","mars2018connectivity"
"Nicole Eichert","mars2018connectivity"
"Saad Jbabdi","mars2018connectivity"
"Lennart Verhagen","mars2018connectivity"
"Matthew FS Rushworth","mars2018connectivity"
"Astghik Mavisakalyan","mavisakalyan2018talking"
"Yashar Tarverdi","mavisakalyan2018talking"
"Clas Weber","mavisakalyan2018talking"
"Patrick McNamara","mcnamara2018dopamine"
"Raymon Durso","mcnamara2018dopamine"
"Shigeru Miyagawa","miyagawa2018cross"
"Cora Lesure","miyagawa2018cross"
"Vitor A Nóbrega","miyagawa2018cross"
"Francesca R Moro","moro2018plural"
"Elliot Murphy","murphy2018paleo"
"Antonio Benítez-Burraco","murphy2018paleo"
"Johanna Nichols","nichols2018morphological"
"Christian Bentz","nichols2018morphological"
"Luca Onnis","onnis2018language"
"Anna Truzzi","onnis2018language"
"Xiaomeng Ma","onnis2018language"
"Florencia Reali","reali2018simpler"
"Nick Chater","reali2018simpler"
"Morten H Christiansen","reali2018simpler"
"Gareth Roberts","roberts2018social"
"Maryia Fedzechkina","roberts2018social"
"Sara Rolando","rolando2018compressible"
"Simon Kirby","rolando2018compressible"
"Kenny Smith","rolando2018compressible"
"Konrad Rudnicki","rudnicki2012evolang12"
"Charlotte De Backer","rudnicki2012evolang12"
"Carolyn Declerck","rudnicki2012evolang12"
"Katrin Schulze","schulze2018phonological"
"Faraneh Vargha-Khadem","schulze2018phonological"
"Mortimer Mishkin","schulze2018phonological"
"Jose Segovia-Martin","SegoviaMartinevolang12"
"Monica Tamariz","SegoviaMartinevolang12"
"Robert Seyfarth","seyfarth2018pragmatic"
"Dorothy Cheney","seyfarth2018pragmatic"
"Ruth Singer","singer2018small"
"Kaius Sinnemäki","sinnemakidigarbo2018"
"Francesca Di Garbo","sinnemakidigarbo2018"
"Kenny Smith","smith2018cognitive"
"Matthew Spike","spike2018complexity"
"Nicky Staes","staes2018genetic"
"Brenda J Bradley","staes2018genetic"
"William D Hopkins","staes2018genetic"
"Chet C Sherwood","staes2018genetic"
"Jill Vaughan","vaughan2018indigenous"
"Ruth Singer","vaughan2018indigenous"
"Sonja Vernes","vernes2018bats"
"Ella Lattenkamp","vernes2018bats"
"Ksenia Lavrichenko","vernes2018bats"
"Janine Mengede","vernes2018bats"
"Erin G Wessling","wessling2018costs"
"Hjalmar S Kühl","wessling2018costs"
"Roger Mundry","wessling2018costs"
"Tobias Deschner","wessling2018costs"
"Jill D Pruetz","wessling2018costs"
"Marieke Woensdregt","woensdregt2018perspective"
"Kenny Smith","woensdregt2018perspective"
"Chris Cummins","woensdregt2018perspective"
"Simon Kirby","woensdregt2018perspective"
"Shuqin Xu","xu2018foxp2"
"Pei Liu","xu2018foxp2"
"Yuanxing Chen","xu2018foxp2"
"Yi Chen","xu2018foxp2"
"Wei Zhang","xu2018foxp2"
"Haixia Zhao","xu2018foxp2"
"Yiwei Cao","xu2018foxp2"
"Fuhua Wang","xu2018foxp2"
"Nana Jiang","xu2018foxp2"
"Shifeng Lin","xu2018foxp2"
"Willem Zuidema","zuidema2018evolution"
"Bart de Boer","zuidema2018evolution"
"Damián E Blasi","Blasietal2019"
"Steven Moran","Blasietal2019"
"Scott R Moisik","Blasietal2019"
"Paul Widmer","Blasietal2019"
"Dan Dediu","Blasietal2019"
"Balthasar Bickel","Blasietal2019"
"Dan Dediu","Dediu2019Aug"
"Rick Janssen","Dediu2019Aug"
"Scott R Moisik","Dediu2019Aug"
"Vanessa Ferdinand","ferdinand2019cognitive"
"Simon Kirby","ferdinand2019cognitive"
"Kenny Smith","ferdinand2019cognitive"
"Anelisa Fergus","fergus19otitis"
"Karlien Franco","franco_concept_2019"
"Dirk Geeraerts","franco_concept_2019"
"Dirk Speelman","franco_concept_2019"
"Roeland Van Hout","franco_concept_2019"
"Xia Hua","hua2019ecological"
"Simon J Greenhill","hua2019ecological"
"Marcel Cardillo","hua2019ecological"
"Hilde Schneemann","hua2019ecological"
"Lindell Bromham","hua2019ecological"
"Alexander Koplenig","koplenig2019language"
"Padraic Monaghan","monaghan2019cognitive"
"Seán G Roberts","monaghan2019cognitive"
"Amy Niego","niego2019williams"
"Antonio Benítez-Burraco","niego2019williams"
"Dmitry Nikolaev","Nikolaev2019"
"Marco Túlio Pacheco Coelho","Pacheco_Coelho_2019"
"Elisa Barreto Pereira","Pacheco_Coelho_2019"
"Hannah J Haynie","Pacheco_Coelho_2019"
"Thiago F Rangel","Pacheco_Coelho_2019"
"Patrick H Kavanagh","Pacheco_Coelho_2019"
"Kathryn R Kirby","Pacheco_Coelho_2019"
"Simon J Greenhill","Pacheco_Coelho_2019"
"Claire Bowern","Pacheco_Coelho_2019"
"Russell D Gray","Pacheco_Coelho_2019"
"Robert K Colwell","Pacheco_Coelho_2019"
"Nicholas Evans","Pacheco_Coelho_2019"
"Michael C Gavin","Pacheco_Coelho_2019"
"Péter Rácz","Racz_Passmore_Jordan_2019"
"Sam Passmore","Racz_Passmore_Jordan_2019"
"Fiona M Jordan","Racz_Passmore_Jordan_2019"
"Laurent Sagart","Sagart10317"
"Guillaume Jacques","Sagart10317"
"Yunfan Lai","Sagart10317"
"Robin J Ryder","Sagart10317"
"Valentin Thouzeau","Sagart10317"
"Simon J Greenhill","Sagart10317"
"Johann-Mattis List","Sagart10317"
"S Frank","evolang13_52"
"K Smith","evolang13_52"
"Haruka Fujita","fujita2020co"
